{"cameraMode":{"drawMode":0,"name":"Shaded","section":"Shading Mode"},"sceneLighting":false,"audioPlay":false,"sceneViewState":{"m_AlwaysRefresh":false,"showFog":false,"showSkybox":false,"showFlares":false,"showImageEffects":true,"showParticleSystems":true,"showVisualEffectGraphs":true,"m_FxEnabled":true},"in2DMode":false,"pivot":{"x":-3.8068909645080568,"y":-2.049999952316284,"z":-5.679999828338623},"rotation":{"x":0.0018001726130023599,"y":0.13340821862220765,"z":-0.0001943755050888285,"w":0.9910411238670349},"size":3.2736072540283205,"orthographic":false}