{"cameraMode":{"drawMode":0,"name":"Shaded","section":"Shading Mode"},"sceneLighting":true,"audioPlay":false,"sceneViewState":{"m_AlwaysRefresh":false,"showFog":false,"showSkybox":true,"showFlares":false,"showImageEffects":true,"showParticleSystems":true,"showVisualEffectGraphs":true,"m_FxEnabled":true},"in2DMode":false,"pivot":{"x":-1.9170000553131104,"y":0.9739999771118164,"z":-0.04000002145767212},"rotation":{"x":-0.25716856122016909,"y":-0.1969252973794937,"z":0.05359427258372307,"w":-0.9445814490318298},"size":2.2638463973999025,"orthographic":false}