{"cameraMode":{"drawMode":0,"name":"Shaded","section":"Shading Mode"},"sceneLighting":true,"audioPlay":false,"sceneViewState":{"m_AlwaysRefresh":false,"showFog":false,"showSkybox":true,"showFlares":false,"showImageEffects":true,"showParticleSystems":true,"showVisualEffectGraphs":true,"m_FxEnabled":true},"in2DMode":false,"pivot":{"x":24.92439079284668,"y":3.9658660888671877,"z":1.6875972747802735},"rotation":{"x":-0.4461710453033447,"y":-0.06514372676610947,"z":0.03258482366800308,"w":-0.8919807076454163},"size":30.054340362548829,"orthographic":false}