{"cameraMode":{"drawMode":0,"name":"Shaded","section":"Shading Mode"},"sceneLighting":true,"audioPlay":false,"sceneViewState":{"m_AlwaysRefresh":false,"showFog":false,"showSkybox":true,"showFlares":false,"showImageEffects":true,"showParticleSystems":true,"showVisualEffectGraphs":true,"m_FxEnabled":true},"in2DMode":false,"pivot":{"x":1.9800000190734864,"y":1.2281692028045655,"z":0.051409974694252017},"rotation":{"x":0.10807117074728012,"y":-0.02205740287899971,"z":0.0024244366213679315,"w":0.993895411491394},"size":2.524273633956909,"orthographic":false}