{"cameraMode":{"drawMode":0,"name":"Shaded","section":"Shading Mode"},"sceneLighting":true,"audioPlay":false,"sceneViewState":{"m_AlwaysRefresh":false,"showFog":false,"showSkybox":true,"showFlares":false,"showImageEffects":true,"showParticleSystems":true,"showVisualEffectGraphs":true,"m_FxEnabled":true},"in2DMode":false,"pivot":{"x":-1.9170000553131104,"y":0.9739999771118164,"z":-0.04000002145767212},"rotation":{"x":0.05707848072052002,"y":-0.47086334228515627,"z":0.03060660883784294,"w":0.8798642754554749},"size":4.258596897125244,"orthographic":false}