{"cameraMode":{"drawMode":0,"name":"Shaded","section":"Shading Mode"},"sceneLighting":true,"audioPlay":false,"sceneViewState":{"m_AlwaysRefresh":false,"showFog":false,"showSkybox":true,"showFlares":false,"showImageEffects":true,"showParticleSystems":true,"showVisualEffectGraphs":true,"m_FxEnabled":true},"in2DMode":false,"pivot":{"x":-1.9170000553131104,"y":0.9739999771118164,"z":-0.04000002145767212},"rotation":{"x":0.3600441515445709,"y":0.5231247544288635,"z":-0.25869622826576235,"w":0.7279136180877686},"size":6.803842544555664,"orthographic":false}