{"cameraMode":{"drawMode":0,"name":"Shaded","section":"Shading Mode"},"sceneLighting":true,"audioPlay":false,"sceneViewState":{"m_AlwaysRefresh":false,"showFog":false,"showSkybox":true,"showFlares":false,"showImageEffects":true,"showParticleSystems":true,"showVisualEffectGraphs":true,"m_FxEnabled":true},"in2DMode":false,"pivot":{"x":15.015706062316895,"y":0.9738744497299194,"z":16.95407485961914},"rotation":{"x":-0.002883214270696044,"y":0.7989126443862915,"z":-0.601445198059082,"w":-0.003869887674227357},"size":2.2638463973999025,"orthographic":false}